point x,      y
0,10
0.12,10.12057934
0.24,10.2447167
0.36,10.37640285
0.48,10.52061084
0.6,10.68413681
0.72,10.8770679
0.84,11.11563235
0.96,11.42835749
1.08,11.87121734
1.2,12.57215162
