point x,        y
3.141592654,10
3.261592654,10.12057934
3.381592654,10.2447167
3.501592654,10.37640285
3.621592654,10.52061084
3.741592654,10.68413681
3.861592654,10.8770679
3.981592654,11.11563235
4.101592654,11.42835749
4.221592654,11.87121734
4.341592654,12.57215163
