          point x,                y
0.380530885,-0.5
0.420530885,-0.43971033
0.460530885,-0.37764165
0.500530885,-0.311798575
0.540530885,-0.23969458
0.580530885,-0.157931595
0.620530885,-0.06146605
0.660530885,0.057816175
0.700530885,0.214178745
0.740530885,0.43560867
0.780530885,0.786075815
