         point x,                    y
-0.666666667,-0.5
-0.626666667,-0.43971033
-0.586666667,-0.37764165
-0.546666667,-0.311798575
-0.506666667,-0.23969458
-0.466666667,-0.157931595
-0.426666667,-0.06146605
-0.386666667,0.057816175
-0.346666667,0.214178745
-0.306666667,0.43560867
-0.266666667,0.78607581
